{"cameraMode":{"drawMode":0,"name":"Shaded","section":"Shading Mode"},"sceneLighting":false,"audioPlay":false,"sceneViewState":{"m_AlwaysRefresh":false,"showFog":true,"showSkybox":false,"showFlares":true,"showImageEffects":true,"showParticleSystems":true,"showVisualEffectGraphs":true,"m_FxEnabled":true},"in2DMode":false,"pivot":{"x":0.10685855150222779,"y":-0.7418020367622376,"z":3.127297878265381},"rotation":{"x":-0.11446111649274826,"y":-0.13605810701847077,"z":0.015833308920264245,"w":-0.9839542508125305},"size":0.5529918670654297,"orthographic":false}