{"cameraMode":{"drawMode":0,"name":"Shaded","section":"Shading Mode"},"sceneLighting":false,"audioPlay":false,"sceneViewState":{"m_AlwaysRefresh":false,"showFog":true,"showSkybox":false,"showFlares":true,"showImageEffects":true,"showParticleSystems":true,"showVisualEffectGraphs":true,"m_FxEnabled":true},"in2DMode":false,"pivot":{"x":0.004569396376609802,"y":-0.8884786367416382,"z":2.9292397499084474},"rotation":{"x":0.004319178406149149,"y":-0.9953052997589111,"z":0.08110480010509491,"w":0.05291052535176277},"size":0.16589753329753877,"orthographic":false}